{
  "inventorypets:inventorypets/root": {
    "criteria": {
      "auto": "2021-03-02 12:18:58 -0500"
    },
    "done": true
  },
  "tombstone:tutorial/root": {
    "criteria": {
      "auto": "2021-03-02 12:18:58 -0500"
    },
    "done": true
  },
  "biomesoplenty:biomesoplenty/all_biomes": {
    "criteria": {
      "shrubland": "2021-03-02 12:19:40 -0500",
      "steppe": "2021-03-02 12:20:15 -0500",
      "snowy_forest": "2021-03-02 12:19:26 -0500",
      "gravel_beach": "2021-03-02 12:20:13 -0500"
    },
    "done": false
  },
  "iceandfire:iceandfire/root": {
    "criteria": {
      "tick": "2021-03-02 12:18:58 -0500"
    },
    "done": true
  },
  "mowziesmobs:root": {
    "criteria": {
      "custom_test_name": "2021-03-02 12:18:58 -0500"
    },
    "done": true
  },
  "twilightforest:alt/compat/tconstruct": {
    "criteria": {
      "book": "2021-03-02 12:18:58 -0500"
    },
    "done": true
  },
  "mysticalworld:root": {
    "criteria": {
      "auto": "2021-03-02 12:18:58 -0500"
    },
    "done": true
  },
  "minecraft:adventure/adventuring_time": {
    "criteria": {
      "ocean": "2021-03-02 12:19:45 -0500",
      "extreme_hills": "2021-03-02 12:18:58 -0500",
      "cold_beach": "2021-03-02 12:19:47 -0500",
      "river": "2021-03-02 12:19:43 -0500",
      "stone_beach": "2021-03-02 12:20:27 -0500"
    },
    "done": false
  }
}