{"stat.useItem.minecraft.bow":8,"stat.pickup.tconstruct.longsword":1,"stat.leaveGame":10,"stat.useItem.harvestcraft.calamaricookeditem":2,"stat.pickup.extrautils2.redorchid":2,"stat.pickup.tconstruct.edible":4,"stat.pickup.ebwizardry.spell_book":10,"stat.killEntity.vampirism.vampire":4,"stat.mineBlock.minecraft.sandstone":55,"stat.pickup.bewitchment.belladonna":4,"stat.pickup.tconstruct.faucet":4,"stat.craftItem.harvestcraft.calamaricookeditem":2,"stat.pickup.levelup2.surfaceore":46,"stat.mineBlock.bewitchment.silver_ore":12,"stat.pickup.harvestcraft.calamarirawitem":8,"stat.pickup.rats.rat_burger":6,"stat.killEntity.primitivemobs.skeleton_warrior":6,"stat.pickup.minecraft.rotten_flesh":27,"stat.craftItem.minecraft.stone_axe":2,"stat.killEntity.Enderman":2,"stat.pickup.enderio.item_broken_spawner":6,"stat.pickup.minecraft.brown_mushroom":1,"stat.pickup.harvestcraft.scallionitem":1,"stat.pickup.quark.tallow":22,"stat.pickup.mod_lavacow.intestine":6,"stat.useItem.minecraft.iron_pickaxe":501,"stat.craftItem.minecraft.wooden_pickaxe":2,"stat.craftItem.minecraft.bed":1,"stat.pickup.harvestcraft.onionitem":1,"stat.craftItem.mysticalworld.amethyst_sword":2,"stat.mineBlock.chisel.marble2":82,"stat.pickup.thermalfoundation.material":8,"stat.furnaceInteraction":125,"stat.mineBlock.chancecubes.chance_cube":1,"stat.mineBlock.botania.flower":2,"stat.mineBlock.quark.slate":39,"stat.useItem.roots.terra_spores":10,"stat.pickup.dungeontactics.mince_pie":3,"stat.pickup.minecraft.beef":42,"stat.mineBlock.immersiveengineering.wooden_device1":1,"stat.pickup.chisel.stonebrick":6,"stat.pickup.biomesoplenty.flower_1":1,"stat.pickup.biomesoplenty.flower_0":7,"stat.useItem.tconstruct.stone_torch":1,"stat.pickup.mysticalagriculture.tier1_inferium_seeds":2,"stat.useItem.mysticalworld.amethyst_pickaxe":566,"stat.pickup.tconstruct.smeltery_io":6,"stat.useItem.minecraft.wheat_seeds":69,"stat.pickup.thaumcraft.crystal_essence":3,"stat.mineBlock.astralsorcery.blockmarble":49,"stat.pickup.techreborn.gem":16,"stat.pickup.minecraft.emerald":1,"stat.useItem.harvestcraft.bolognasandwichitem":1,"stat.mineBlock.midnight.suavis":2,"stat.deaths":1,"stat.pickup.minecraft.bowl":23,"stat.useItem.tconstruct.smeltery_io":3,"stat.pickup.minecraft.egg":4,"stat.craftItem.minecraft.item_frame":2,"stat.pickup.tconstruct.stone_torch":2,"stat.craftItem.minecraft.iron_pickaxe":4,"stat.pickup.minecraft.item_frame":1,"stat.pickup.bewitchment.adders_fork":1,"stat.drop.minecraft.torch":35,"stat.pickup.chisel.marble2":83,"stat.mineBlock.minecraft.tallgrass":135,"stat.pickup.tconstruct.seared":50,"stat.chestOpened":349,"stat.useItem.minecraft.splash_potion":1,"stat.pickup.cyclicmagic.dynamite_safe":2,"stat.craftItem.minecraft.sign":12,"stat.killEntity.primitivemobs.brain_slime":8,"stat.pickup.mysticalworld.venison":1,"stat.pickup.botania.mushroom":3,"stat.useItem.midnight.raw_suavis":1,"stat.pickup.minecraft.arrow":17,"stat.pickup.dungeontactics.bag_ore":1,"stat.useItem.actuallyadditions.item_food":9,"stat.useItem.chisel.stonebrick":87,"stat.drop.tconstruct.longsword":1,"stat.pickup.harvestcraft.chilipepperitem":1,"stat.mineBlock.botania.mushroom":1,"stat.crouchOneCm":29999,"stat.mineBlock.minecraft.chest":12,"stat.craftItem.minecraft.iron_ingot":117,"stat.pickup.minecraft.painting":1,"stat.pickup.harvestcraft.walnutitem":5,"stat.craftingTableInteraction":3,"stat.pickup.techreborn.ore":105,"stat.mineBlock.tconstruct.rack":6,"stat.craftItem.tconstruct.pattern":70,"stat.pickup.minecraft.wooden_pickaxe":1,"stat.drop.techreborn.sapphiresword":1,"stat.useItem.tconstruct.longsword":1,"stat.useItem.minecraft.reeds":16,"stat.mineBlock.tconstruct.smeltery_io":6,"stat.mineBlock.biomesoplenty.plant_0":288,"stat.pickup.minecraft.dye":46,"stat.pickup.bewitchment.opal":4,"stat.pickup.minecraft.planks":37,"stat.pickup.chisel.limestone2":45,"stat.pickup.minecraft.wheat_seeds":162,"stat.useItem.roots.wildroot":2,"stat.mineBlock.minecraft.dirt":695,"stat.pickup.tconstruct.pattern":23,"stat.mineBlock.biomesoplenty.leaves_4":9,"stat.pickup.immersiveengineering.seed":6,"stat.useItem.minecraft.bread":3,"stat.pickup.roots.wildroot":27,"stat.mineBlock.iceandfire.sapphire_ore":2,"stat.drop.minecraft.rotten_flesh":4,"stat.useItem.minecraft.cobblestone":433,"stat.useItem.minecraft.gravel":6,"stat.mineBlock.minecraft.double_plant":3,"stat.pickup.mysticalworld.aubergine":5,"stat.pickup.mysticalworld.antlers":2,"stat.useItem.tconstruct.pickaxe":1472,"stat.useItem.bewitchment.garlic_seeds":4,"stat.craftItem.chisel.chisel_iron":2,"stat.mineBlock.chisel.stonebrick2":2,"stat.pickup.minecraft.apple":13,"stat.pickup.mod_lavacow.shattered_ice":111,"stat.craftItem.minecraft.bucket":4,"stat.craftItem.minecraft.planks":668,"stat.pickup.futuremc.cornflower":1,"stat.pickup.minecraft.stone_sword":2,"stat.mineBlock.minecraft.log":189,"stat.pickup.doggytalents.training_treat":1,"stat.pickup.dungeontactics.bag_quiver":1,"stat.pickup.minecraft.red_flower":13,"stat.pickup.minecraft.wool":20,"stat.pickup.bewitchment.hellebore_seeds":5,"stat.craftItem.minecraft.cobblestone":288,"stat.pickup.thaumcraft.log_greatwood":4,"stat.useItem.mysticalworld.amethyst_axe":456,"stat.mineBlock.thaumcraft.ore_cinnabar":5,"stat.mineBlock.minecraft.cobblestone":83,"stat.pickup.mysticalworld.silk_cocoon":23,"stat.pickup.minecraft.flint":109,"stat.mineBlock.appliedenergistics2.quartz_ore":8,"stat.killEntity.hunterillager.HunterIllager":1,"stat.pickup.minecraft.enchanted_book":5,"stat.mineBlock.thaumcraft.ore_amber":6,"stat.pickup.mysticalworld.raw_squid":9,"stat.pickup.rats.cheese":5,"stat.useItem.minecraft.cookie":2,"stat.useItem.minecraft.stone_slab2":204,"stat.pickup.minecraft.bow":1,"stat.pickup.actuallyadditions.block_giant_chest":3,"stat.craftItem.minecraft.furnace":6,"stat.killEntity.instrumentalmobs:DrumZombie":1,"stat.pickup.thermalfoundation.ore":186,"stat.craftItem.minecraft.iron_boots":2,"stat.pickup.mysticalworld.silkworm_egg":42,"stat.craftItem.minecraft.cooked_beef":24,"stat.mineBlock.minecraft.obsidian":2,"stat.pickup.minecraft.shears":1,"stat.mineBlock.minecraft.clay":56,"stat.flyOneCm":885925,"stat.pickup.minecraft.sandstone":50,"stat.pickup.actuallyadditions.item_booklet":3,"stat.pickup.bewitchment.aconitum_seeds":5,"stat.pickup.malisisdoors.shoji_door":1,"stat.pickup.bewitchment.mandrake_seeds":7,"stat.timeSinceDeath":606865,"stat.craftItem.minecraft.iron_block":2,"stat.killEntity.mod_lavacow.parasite":1,"stat.craftItem.minecraft.stonebrick":8,"stat.craftItem.tconstruct.seared":54,"stat.killEntity.entity_silkworm":1,"stat.craftItem.techreborn.sapphirespade":2,"stat.useItem.tconstruct.rack":5,"stat.mineBlock.minecraft.coal_ore":198,"stat.killEntity.Creeper":1,"stat.talkedToVillager":1,"stat.pickup.extrautils2.ingredients":1,"stat.pickup.minecraft.string":26,"stat.pickup.ae2wtlib.infinity_booster_card":1,"stat.mineBlock.bewitchment.opal_ore":4,"stat.craftItem.tconstruct.tooltables":9,"stat.killEntity.Squid":4,"stat.pickup.thermaldynamics.duct_32":6,"stat.sprintOneCm":1526286,"stat.mineBlock.minecraft.stone_slab":2,"stat.mineBlock.biomesoplenty.flower_0":5,"stat.pickup.extrautils2.passivegenerator":3,"stat.pickup.minecraft.fireworks":7,"stat.useItem.minecraft.snowball":54,"stat.craftItem.mysticalagriculture.tier1_inferium_seeds":4,"stat.pickup.harvestcraft.kungpaochickenitem":2,"stat.pickup.harvestcraft.mustardseedsitem":1,"stat.useItem.culinaryconstruct.sandwich":4,"stat.killEntity.primitivemobs.harpy":10,"stat.mineBlock.mysticalagriculture.prosperity_ore":23,"stat.killEntity.Zombie":20,"stat.pickup.minecraft.snowball":107,"stat.craftItem.mysticalworld.amethyst_pickaxe":2,"stat.pickup.roots.terra_spores":7,"stat.mineBlock.minecraft.gold_ore":42,"stat.pickup.chisel.stonebrick2":2,"stat.diveOneCm":214848,"stat.pickup.minecraft.wheat":171,"stat.drop.mysticalworld.copper_hoe":1,"stat.pickup.tconstruct.tooltables":19,"stat.entityKilledBy.seaserpent":1,"stat.pickup.storagedrawers.basicdrawers":1,"stat.pickup.minecraft.sign":2,"stat.craftItem.minecraft.cooked_porkchop":2,"stat.pickup.minecraft.stone_axe":1,"stat.mineBlock.mysticalagriculture.inferium_ore":25,"stat.pickup.minecraft.obsidian":2,"stat.pickup.tombmanygraves.death_list":2,"stat.mineBlock.ghostsexplosives.ore_potassium":49,"stat.jump":6169,"stat.useItem.minecraft.sand":3,"stat.pickup.minecraft.coal":237,"stat.pickup.minecraft.iron_ingot":1,"stat.pickup.tconstruct.seared_tank":3,"stat.pickup.minecraft.gunpowder":5,"stat.craftItem.minecraft.torch":232,"stat.pickup.minecraft.dirt":696,"stat.useItem.minecraft.sapling":61,"stat.pickup.minecraft.gold_ore":37,"stat.mineBlock.minecraft.lapis_ore":6,"stat.useItem.mysticalworld.cooked_squid":8,"stat.pickup.minecraft.cookie":4,"stat.pickup.minecraft.iron_axe":1,"stat.damageTaken":3824,"stat.mineBlock.minecraft.torch":17,"stat.mineBlock.minecraft.red_flower":8,"stat.pickup.bewitchment.ravens_feather":3,"stat.mineBlock.minecraft.sapling":4,"stat.pickup.ebwizardry.crystal_flower":3,"stat.pickup.minecraft.bed":4,"stat.useItem.chisel.glass":292,"stat.drop.actuallyadditions.item_food":3,"stat.pickup.bewitchment.garnet":13,"stat.pickup.inventorypets.dubstep_pet":1,"stat.killEntity.Silverfish":7,"stat.pickup.midnight.raw_suavis":5,"stat.useItem.dungeontactics.dungeonpedia_volume_8":2,"stat.pickup.bewitchment.oak_apple_gall":24,"stat.useItem.biomesoplenty.log_2":16,"stat.useItem.minecraft.chest":8,"stat.craftItem.tconstruct.smeltery_io":4,"stat.pickup.bewitchment.garlic":16,"stat.useItem.actuallyadditions.item_worm":1,"stat.mineBlock.practicallogistics2.sapphireore":39,"stat.mineBlock.biomesoplenty.planks_0":68,"stat.useItem.tconstruct.faucet":3,"stat.pickup.biomesoplenty.terrarium":1,"stat.useItem.mysticalworld.amethyst_sword":73,"stat.craftItem.minecraft.iron_chestplate":4,"stat.pickup.minecraft.ender_pearl":1,"stat.pickup.extrautils2.playerchest":2,"stat.mobKills":137,"stat.craftItem.minecraft.shears":2,"stat.pickup.randomthings.glowingmushroom":2,"stat.useItem.minecraft.boat":2,"stat.pickup.minecraft.torch":52,"stat.mineBlock.bewitchment.salt_ore":5,"stat.pickup.thaumcraft.brain":1,"stat.pickup.astralsorcery.blockmarble":49,"stat.mineBlock.bewitchment.amethyst_ore":15,"stat.pickup.ftbquests.book":4,"stat.drop.culinaryconstruct.sandwich":1,"stat.mineBlock.storagedrawers.basicdrawers":1,"stat.mineBlock.tconstruct.seared_tank":3,"stat.mineBlock.ebwizardry.crystal_flower":1,"stat.mineBlock.thaumcraft.ore_quartz":4,"stat.craftItem.akashictome.tome":2,"stat.useItem.harvestcraft.sundayroastitem":3,"stat.mineBlock.biomesoplenty.terrarium":1,"stat.useItem.minecraft.planks":237,"stat.killEntity.instrumentalmobs:FrenchHornCreeper":2,"stat.pickup.minecraft.glowstone_dust":2,"stat.mineBlock.immersiveengineering.ore":6,"stat.pickup.minecraft.porkchop":25,"stat.mineBlock.thaumcraft.log_greatwood":4,"stat.useItem.minecraft.water_bucket":10,"stat.pickup.ghostsexplosives.dust_potassium_nitrate":119,"stat.pickup.minecraft.sand":975,"stat.useItem.enderio.item_dark_steel_sword":268,"stat.pickup.minecraft.splash_potion":2,"stat.craftItem.actuallyadditions.block_misc":8,"stat.drop.enderio.item_broken_spawner":1,"stat.pickup.harvestcraft.wintersquashitem":1,"stat.pickup.bibliocraft.bookcase":4,"stat.drop.minecraft.splash_potion":1,"stat.craftItem.tconstruct.casting":4,"stat.craftItem.minecraft.stone_sword":2,"stat.mineBlock.minecraft.snow_layer":2,"stat.mineBlock.minecraft.sand":992,"stat.pickup.rats.rat_upgrade_miner":2,"stat.drop.minecraft.diamond":1,"stat.pickup.ghostsexplosives.sulfur":9,"stat.killEntity.icbmclassic:zombie.xmas.elf":1,"stat.drop.doggytalents.sunglasses":1,"stat.pickup.actuallyadditions.item_worm":3,"stat.useItem.minecraft.oak_stairs":92,"stat.mineBlock.futuremc.cornflower":2,"stat.pickup.actuallyadditions.item_solidified_experience":29,"stat.craftItem.thermalfoundation.material":27,"stat.useItem.dungeontactics.mince_pie":3,"stat.pickup.tconstruct.cast":2,"stat.useItem.minecraft.stone_stairs":71,"stat.pickup.minecraft.skull":3,"stat.useItem.harvestcraft.spagettiitem":8,"stat.pickup.minecraft.stone_stairs":8,"stat.useItem.immersiveengineering.seed":2,"stat.drop.minecraft.fireworks":1,"stat.pickup.minecraft.pumpkin_seeds":4,"stat.mineBlock.actuallyadditions.block_giant_chest":3,"stat.mineBlock.minecraft.oak_stairs":16,"stat.drop.quark.root_flower":1,"stat.playOneMinute":619384,"stat.pickup.tconstruct.rack":6,"stat.pickup.mysticalworld.aubergine_seed":11,"stat.drop.minecraft.chest":1,"stat.killEntity.mod_lavacow.raven":7,"stat.useItem.bibliocraft.bookcase":2,"stat.pickup.harvestcraft.tomatoitem":1,"stat.pickup.tconstruct.casting":5,"stat.pickup.minecraft.waterlily":2,"stat.mineBlock.minecraft.ice":87,"stat.useItem.chisel.stonebrick2":2,"stat.pickup.levelup2.skillbook":4,"stat.pickup.thaumcraft.sapling_greatwood":1,"stat.mineBlock.tconstruct.faucet":4,"stat.craftItem.biomesoplenty.planks_0":208,"stat.pickup.minecraft.cooked_chicken":4,"stat.fallOneCm":98783,"stat.useItem.rats.rat_burger":9,"stat.pickup.minecraft.melon_seeds":1,"stat.pickup.quark.slate":36,"stat.craftItem.tconstruct.toolforge":2,"stat.craftItem.minecraft.chest":33,"stat.pickup.dungeontactics.bag_potion":2,"stat.drop.doggytalents.training_treat":1,"stat.killEntity.primitivemobs.chameleon":1,"stat.useItem.cyclicmagic.inventory_food":1,"stat.pickup.minecraft.feather":36,"stat.mineBlock.ghostsexplosives.ore_sulfur":12,"stat.useItem.minecraft.furnace":4,"stat.craftItem.tconstruct.materials":208,"stat.mineBlock.minecraft.snow":12,"stat.mineBlock.minecraft.gravel":330,"stat.useItem.minecraft.stone_pickaxe":1185,"stat.craftItem.tconstruct.seared_tank":2,"stat.useItem.mysticalworld.silkworm_egg":21,"stat.useItem.minecraft.stone_sword":52,"stat.craftItem.minecraft.iron_leggings":4,"stat.craftItem.mysticalworld.amethyst_axe":2,"stat.pickup.bewitchment.amethyst":15,"stat.craftItem.minecraft.oak_stairs":112,"stat.killEntity.primitivemobs.baby_spider":4,"stat.drop.minecraft.stick":1,"stat.useItem.minecraft.torch":257,"stat.pickup.minecraft.golden_apple":1,"stat.pickup.minecraft.iron_nugget":1,"stat.craftItem.minecraft.stone_stairs":64,"stat.useItem.minecraft.log":9,"stat.craftItem.minecraft.crafting_table":2,"stat.craftItem.minecraft.boat":1,"stat.mineBlock.ebwizardry.crystal_ore":12,"stat.killEntity.instrumentalmobs:MaracaSpider":2,"stat.useItem.harvestcraft.kungpaochickenitem":2,"stat.mineBlock.chisel.stonebrick":4,"stat.pickup.minecraft.log":233,"stat.pickup.biomesoplenty.planks_0":86,"stat.killEntity.twilightforest.hedge_spider":2,"stat.pickup.minecraft.sapling":61,"stat.mineBlock.chisel.glass":14,"stat.pickup.dungeontactics.bag_tool":1,"stat.craftItem.tconstruct.smeltery_controller":2,"stat.useItem.mysticalworld.amethyst_shovel":1571,"stat.mineBlock.tconstruct.toolforge":2,"stat.drop.tconstruct.edible":6,"stat.sneakTime":8158,"stat.pickup.thaumcraft.amber":9,"stat.pickup.harvestcraft.tealeafitem":1,"stat.pickup.minecraft.stone_slab":2,"stat.killEntity.mod_lavacow.zombiefrozen":2,"stat.pickup.minecraft.chest":13,"stat.mineBlock.extrautils2.playerchest":1,"stat.drop.minecraft.stone_pickaxe":1,"stat.useItem.mysticalagriculture.tier1_inferium_seeds":3,"stat.mineBlock.ftbquests.screen":1,"stat.pickup.minecraft.bone":11,"stat.useItem.minecraft.mushroom_stew":1,"stat.pickup.immersiveengineering.wooden_device1":1,"stat.craftItem.tconstruct.faucet":4,"stat.mineBlock.actuallyadditions.block_misc":27,"stat.craftItem.extrautils2.compressedcobblestone":128,"stat.swimOneCm":177859,"stat.climbOneCm":636,"stat.useItem.harvestcraft.jaffaitem":1,"stat.useItem.minecraft.dirt":344,"stat.pickup.ftbquests.screen":2,"stat.pickup.practicallogistics2.sapphire":39,"stat.useItem.minecraft.red_flower":5,"stat.craftItem.minecraft.stone_pickaxe":17,"stat.mineBlock.biomesoplenty.double_plant":1,"stat.pickup.minecraft.cobblestone":2064,"stat.mineBlock.bewitchment.garnet_ore":13,"stat.mineBlock.chisel.limestone2":47,"stat.useItem.minecraft.stone_shovel":44,"stat.pickup.vampirism.item_tent":1,"stat.pickup.appliedenergistics2.material":8,"stat.mineBlock.quark.custom_chest":1,"stat.craftItem.minecraft.wooden_slab":24,"stat.useItem.minecraft.cooked_beef":2,"stat.pickup.minecraft.redstone":182,"stat.mineBlock.minecraft.iron_ore":126,"stat.craftItem.actuallyadditions.item_food":24,"stat.useItem.minecraft.sign":4,"stat.mineBlock.biomesoplenty.log_2":89,"stat.drop.mysticalworld.amethyst_pickaxe":1,"stat.mineBlock.thermalfoundation.ore":190,"stat.useItem.minecraft.cooked_porkchop":5,"stat.pickup.ebwizardry.magic_crystal":30,"stat.craftItem.tconstruct.soil":308,"stat.pickup.tconstruct.smeltery_controller":1,"stat.useItem.tconstruct.edible":24,"stat.useItem.astralsorcery.blockmarble":5,"stat.craftItem.minecraft.stone_slab2":0,"stat.pickup.chisel.glass":13,"stat.craftItem.mod_lavacow.tooth_dagger":2,"stat.pickup.minecraft.paper":1,"stat.pickup.actuallyadditions.item_misc":6,"stat.craftItem.minecraft.stick":284,"stat.craftItem.minecraft.stone":320,"stat.pickup.harvestcraft.barleyitem":1,"stat.pickup.botania.flower":1,"stat.killEntity.twilightforest.hostile_wolf":5,"stat.mineBlock.minecraft.planks":39,"stat.useItem.techreborn.sapphirespade":468,"stat.drop":56,"stat.craftItem.actuallyadditions.item_misc":24,"stat.useItem.tconstruct.seared":81,"stat.pickup.minecraft.slime_ball":19,"stat.pickup.akashictome.tome":2,"stat.pickup.primitivemobs.camouflage_dye":1,"stat.craftItem.mysticalworld.cooked_squid":8,"stat.useItem.techreborn.sapphirehoe":98,"stat.craftItem.techreborn.sapphirehoe":2,"stat.pickup.tconstruct.toolforge":2,"stat.pickup.minecraft.gravel":216,"stat.mineBlock.tconstruct.smeltery_controller":1,"stat.pickup.dungeontactics.solstice_gift":25,"stat.mineBlock.dungeontactics.stonequartz_ore":7,"stat.useItem.minecraft.apple":13,"stat.killEntity.primitivemobs.support_creeper":2,"stat.craftItem.tconstruct.rack":6,"stat.pickup.minecraft.iron_helmet":1,"stat.mineBlock.bewitchment.coquina":8,"stat.useItem.minecraft.stone_axe":113,"stat.pickup.harvestcraft.peanutitem":1,"stat.mineBlock.harvestcraft.shadedgarden":1,"stat.pickup.minecraft.spider_eye":3,"stat.killEntity.primitivemobs.goblin":1,"stat.craftItem.minecraft.iron_helmet":4,"stat.pickup.actuallyadditions.block_misc":27,"stat.pickup.minecraft.iron_ore":144,"stat.boatOneCm":20423,"stat.mineBlock.tconstruct.tooltables":19,"stat.drop.actuallyadditions.item_booklet":1,"stat.mineBlock.minecraft.stone_stairs":8,"stat.pickup.minecraft.leather":16,"stat.useItem.minecraft.wooden_pickaxe":41,"stat.pickup.iceandfire.sapphire_gem":2,"stat.pickup.mysticalagriculture.crafting":143,"stat.drop.mod_lavacow.fissionpotion":1,"stat.pickup.dungeontactics.bag_book":1,"stat.pickup.minecraft.reeds":87,"stat.mineBlock.tconstruct.stone_torch":1,"stat.mineBlock.stupidthings.mine_turtle":1,"stat.pickup.bewitchment.wormwood_seeds":10,"stat.pickup.minecraft.oak_stairs":16,"stat.pickup.bewitchment.belladonna_seeds":11,"stat.damageDealt":21560,"stat.craftItem.minecraft.glass":515,"stat.killEntity.bound_soul":1,"stat.sleepInBed":16,"stat.killEntity.Cow":14,"stat.mineBlock.quark.roots_blue_flower":1,"stat.killEntity.Pig":14,"stat.pickup.minecraft.piston":8,"stat.pickup.minecraft.boat":2,"stat.craftItem.minecraft.stone_shovel":2,"stat.walkOneCm":1945698,"stat.useItem.quark.custom_chest":1,"stat.pickup.minecraft.stick":26,"stat.craftItem.quark.custom_chest":2,"stat.pickup.minecraft.clay_ball":347,"stat.pickup.biomesoplenty.sapling_2":2,"stat.craftItem.mysticalworld.amethyst_shovel":2,"stat.mineBlock.techreborn.ore":118,"stat.drop.chisel.stonebrick":2,"stat.mineBlock.bibliocraft.bookcase":4,"stat.mineBlock.minecraft.packed_ice":195,"stat.mineBlock.thermalfoundation.ore_fluid":8,"stat.pickup.minecraft.gold_ingot":7,"stat.pickup.thermaldynamics.servo":2,"stat.killEntity.Skeleton":5,"stat.pickup.thaumcraft.ore_cinnabar":5,"stat.pickup.mod_lavacow.sharptooth":3,"stat.useItem.biomesoplenty.sapling_2":1,"stat.pickup.bewitchment.salt":26,"stat.pickup.biomesoplenty.log_2":89,"stat.useItem.biomesoplenty.planks_0":250,"stat.killEntity.Spider":1,"stat.pickup.minecraft.quartz":11,"stat.pickup.bewitchment.garlic_seeds":15,"stat.useItem.minecraft.golden_apple":2,"stat.craftItem.extrautils2.trashcan":2,"stat.craftItem.techreborn.sapphiresword":2,"stat.mineBlock.minecraft.leaves":124,"stat.killEntity.bewitchment.snake":1,"stat.mineBlock.tconstruct.seared":46,"stat.mineBlock.minecraft.redstone_ore":40,"stat.mineBlock.tconstruct.casting":5,"stat.pickup.bewitchment.coquina":6,"stat.mineBlock.minecraft.stone":2010,"stat.craftItem.actuallyadditions.block_giant_chest":8}