{"stat.walkOneCm":14125,"stat.leaveGame":5,"stat.pickup.mysticalworld.silkworm_egg":1,"stat.damageTaken":140,"stat.mobKills":2,"stat.killEntity.vampirism.vampire":1,"stat.mineBlock.minecraft.log":1,"stat.pickup.levelup2.skillbook":1,"stat.pickup.minecraft.log":1,"stat.flyOneCm":78,"stat.drop":2,"stat.swimOneCm":3221,"stat.jump":56,"stat.playOneMinute":7311,"stat.drop.levelup2.skillbook":1,"stat.sneakTime":15,"stat.damageDealt":885,"stat.crouchOneCm":127,"stat.timeSinceDeath":7311,"stat.drop.mysticalworld.silkworm_egg":1}