{"stat.pickup.tconstruct.longsword":1,"stat.leaveGame":5,"stat.pickup.tconstruct.edible":7,"stat.pickup.ebwizardry.spell_book":2,"stat.useItem.thaumcraft.salis_mundus":1,"stat.mineBlock.bewitchment.silver_ore":2,"stat.useItem.extrautils2.goldenlasso":13,"stat.craftItem.thaumcraft.scribing_tools":2,"stat.mineBlock.astralsorcery.blockcustomflower":12,"stat.killEntity.primitivemobs.skeleton_warrior":1,"stat.pickup.minecraft.rotten_flesh":8,"stat.entityKilledBy.primitivemobs.rocket_creeper":1,"stat.craftItem.structurize.sceptergold":2,"stat.pickup.midnight.shadowroot_log":5,"stat.craftItem.thaumcraft.table_stone":2,"stat.pickup.biomesoplenty.mushroom":4,"stat.pickup.minecraft.brown_mushroom":1,"stat.mineBlock.midnight.shadowroot_leaves":1,"stat.pickup.treasure2.gravestone3_obsidian":1,"stat.pickup.quark.tallow":41,"stat.pickup.techreborn.rubber_log":2,"stat.craftItem.minecraft.wooden_pickaxe":1,"stat.craftItem.minecraft.bed":2,"stat.craftItem.minecraft.glass_pane":64,"stat.mineBlock.forestry.logs.0":19,"stat.pickup.harvestcraft.onionitem":1,"stat.mineBlock.chisel.marble2":18,"stat.mineBlock.minecraft.vine":5,"stat.pickup.thermalfoundation.material":8,"stat.furnaceInteraction":37,"stat.mineBlock.chancecubes.chance_cube":1,"stat.mineBlock.botania.flower":9,"stat.mineBlock.forestry.logs.3":20,"stat.mineBlock.quark.slate":6,"stat.mineBlock.forestry.logs.5":1,"stat.pickup.harvestcraft.cornitem":1,"stat.pickup.dungeontactics.mince_pie":2,"stat.pickup.minecraft.beef":2,"stat.pickup.quark.crab_leg":1,"stat.pickup.minecraft.leather_helmet":1,"stat.craftItem.futuremc.dye":2,"stat.pickup.biomesoplenty.flower_0":5,"stat.useItem.tconstruct.stone_torch":25,"stat.useItem.mysticalworld.amethyst_pickaxe":327,"stat.pickup.mysticalworld.copper_hoe":1,"stat.craftItem.thaumcraft.plank_silverwood":12,"stat.pickup.culinaryconstruct.sandwich":1,"stat.mineBlock.minecraft.fence":1,"stat.pickup.thaumcraft.crystal_essence":175,"stat.pickup.techreborn.gem":15,"stat.mineBlock.astralsorcery.blockmarble":1,"stat.pickup.minecraft.emerald":4,"stat.mineBlock.midnight.suavis":2,"stat.deaths":9,"stat.pickup.minecraft.egg":7,"stat.craftItem.minecraft.wooden_shovel":4,"stat.pickup.minecraft.clock":1,"stat.pickup.tconstruct.stone_torch":3,"stat.pickup.bewitchment.adders_fork":2,"stat.pickup.chisel.marble2":17,"stat.mineBlock.minecraft.tallgrass":72,"stat.craftItem.minecraft.cooked_mutton":1,"stat.pickup.tconstruct.seared":1,"stat.chestOpened":126,"stat.pickup.midnight.double_nightshroom":1,"stat.pickup.cyclicmagic.dynamite_safe":2,"stat.killEntity.primitivemobs.brain_slime":7,"stat.drop.mysticalworld.amethyst_sword":1,"stat.pickup.botania.mushroom":1,"stat.pickup.thaumcraft.log_silverwood":67,"stat.pickup.minecraft.arrow":33,"stat.pickup.dungeontactics.bag_ore":1,"stat.mineBlock.midnight.lumen_bud":3,"stat.drop.tconstruct.longsword":1,"stat.mineBlock.botania.mushroom":1,"stat.pickup.futuremc.lantern":2,"stat.pickup.midnight.dewshroom":1,"stat.crouchOneCm":633,"stat.pickup.actuallyadditions.item_food":3,"stat.craftItem.minecraft.iron_ingot":4,"stat.useItem.quark.root_flower":3,"stat.pickup.harvestcraft.walnutitem":2,"stat.craftItem.malisisdoors.big_door_oak_3x3":2,"stat.craftingTableInteraction":7,"stat.mineBlock.techreborn.rubber_log":2,"stat.pickup.techreborn.ore":30,"stat.mineBlock.harvestcraft.pamnutmeg":1,"stat.useItem.chisel.marble2":1,"stat.useItem.harvestcraft.honeybreaditem":1,"stat.mineBlock.thaumcraft.leaves_greatwood":15,"stat.useItem.tconstruct.longsword":41,"stat.useItem.minecraft.reeds":22,"stat.pickup.twilightforest.firefly_jar":1,"stat.craftItem.minecraft.wooden_sword":3,"stat.mineBlock.biomesoplenty.plant_1":2,"stat.mineBlock.biomesoplenty.plant_0":29,"stat.pickup.minecraft.dye":16,"stat.pickup.minecraft.planks":2,"stat.pickup.biomesoplenty.plant_1":6,"stat.pickup.chisel.limestone2":11,"stat.mineBlock.midnight.viridshroom_hat":11,"stat.pickup.minecraft.wheat_seeds":47,"stat.mineBlock.biomesoplenty.gem_ore":2,"stat.mineBlock.minecraft.glass":2,"stat.drop.actuallyadditions.item_crate_keeper":1,"stat.mineBlock.midnight.viridshroom":1,"stat.mineBlock.bewitchment.elder_leaves":5,"stat.mineBlock.minecraft.dirt":74,"stat.mineBlock.biomesoplenty.leaves_4":7,"stat.pickup.immersiveengineering.seed":6,"stat.pickup.roots.wildroot":7,"stat.killEntity.primitivemobs.bewitched_tome":1,"stat.useItem.minecraft.cobblestone":55,"stat.useItem.minecraft.gravel":1,"stat.mineBlock.thaumcraft.crystal_aer":5,"stat.useItem.techreborn.sapphiresword":87,"stat.pickup.botania.blacklotus":1,"stat.pickup.minecraft.iron_pickaxe":1,"stat.mineBlock.thaumcraft.crystal_terra":6,"stat.useItem.minecraft.yellow_flower":3,"stat.useItem.harvestcraft.riceitem":1,"stat.pickup.minecraft.chicken":6,"stat.craftItem.chisel.chisel_iron":2,"stat.pickup.thaumcraft.vishroom":3,"stat.pickup.minecraft.apple":7,"stat.craftItem.immersiveengineering.tool":2,"stat.pickup.mod_lavacow.shattered_ice":3,"stat.mineBlock.futuremc.lantern":2,"stat.mineBlock.twilightforest.firefly":4,"stat.craftItem.minecraft.planks":80,"stat.pickup.futuremc.cornflower":1,"stat.pickup.biomesoplenty.berries":12,"stat.craftItem.tconstruct.stone_torch":32,"stat.pickup.minecraft.book":30,"stat.mineBlock.minecraft.log":109,"stat.craftItem.minecraft.wooden_door":12,"stat.pickup.doggytalents.training_treat":1,"stat.craftItem.minecraft.paper":72,"stat.pickup.minecraft.red_flower":14,"stat.craftItem.thaumcraft.plank_greatwood":4,"stat.pickup.bewitchment.hellebore_seeds":2,"stat.useItem.futuremc.lantern":2,"stat.pickup.thaumcraft.log_greatwood":29,"stat.mineBlock.thaumcraft.ore_cinnabar":1,"stat.mineBlock.midnight.double_nightshroom":1,"stat.pickup.forestry.sapling":18,"stat.useItem.minecraft.iron_axe":507,"stat.mineBlock.minecraft.cobblestone":16,"stat.mineBlock.minecraft.pumpkin":3,"stat.mineBlock.midnight.dewshroom":1,"stat.pickup.mysticalworld.silk_cocoon":1,"stat.pickup.minecraft.stone_pickaxe":5,"stat.pickup.minecraft.flint":84,"stat.mineBlock.minecraft.yellow_flower":6,"stat.mineBlock.appliedenergistics2.quartz_ore":5,"stat.killEntity.hunterillager.HunterIllager":1,"stat.pickup.minecraft.enchanted_book":1,"stat.mineBlock.thaumcraft.ore_amber":4,"stat.useItem.minecraft.stone_slab2":64,"stat.pickup.forge.bucketfilled":1,"stat.pickup.minecraft.iron_boots":1,"stat.craftItem.minecraft.furnace":2,"stat.pickup.thermalfoundation.ore":48,"stat.pickup.midnight.nightshroom_powder":1,"stat.useItem.minecraft.egg":7,"stat.pickup.mysticalworld.silkworm_egg":97,"stat.craftItem.minecraft.cooked_beef":1,"stat.mineBlock.minecraft.clay":6,"stat.craftItem.openblocks.info_book":2,"stat.flyOneCm":317506,"stat.timeSinceDeath":382140,"stat.pickup.dungeontactics.magic_scroll":1,"stat.mineBlock.midnight.double_midnight_grass":4,"stat.mineBlock.twilightforest.firefly_jar":1,"stat.pickup.harvestcraft.riceitem":1,"stat.killEntity.entity_silkworm":1,"stat.mineBlock.minecraft.coal_ore":126,"stat.talkedToVillager":1,"stat.useItem.mysticalworld.copper_pickaxe":193,"stat.pickup.minecraft.string":28,"stat.craftItem.tconstruct.stone_stick":12,"stat.useItem.minecraft.written_book":1,"stat.craftItem.tconstruct.tooltables":2,"stat.sprintOneCm":394569,"stat.mineBlock.biomesoplenty.flower_0":6,"stat.useItem.harvestcraft.cottonitem":1,"stat.pickup.cyclicmagic.ender_torch":1,"stat.pickup.minecraft.fireworks":5,"stat.mineBlock.harvestcraft.pamapple":2,"stat.mineBlock.biomesoplenty.mushroom":4,"stat.useItem.culinaryconstruct.sandwich":1,"stat.useItem.minecraft.wooden_sword":8,"stat.mineBlock.mysticalagriculture.prosperity_ore":6,"stat.pickup.thaumcraft.sapling_silverwood":3,"stat.killEntity.Zombie":1,"stat.pickup.minecraft.snowball":93,"stat.craftItem.minecraft.dye":5,"stat.craftItem.mysticalworld.amethyst_pickaxe":2,"stat.pickup.roots.terra_spores":1,"stat.mineBlock.minecraft.gold_ore":1,"stat.diveOneCm":69463,"stat.craftItem.mysticalworld.copper_hoe":2,"stat.mineBlock.bewitchment.elder_wood":4,"stat.pickup.minecraft.wheat":19,"stat.pickup.tconstruct.tooltables":1,"stat.craftItem.minecraft.ladder":36,"stat.craftItem.minecraft.cooked_porkchop":9,"stat.craftItem.thaumcraft.salis_mundus":10,"stat.pickup.improvedbackpacks.ender_backpack":2,"stat.craftItem.twilightforest.firefly_jar":6,"stat.mineBlock.mysticalagriculture.inferium_ore":10,"stat.pickup.minecraft.obsidian":2,"stat.pickup.tombmanygraves.death_list":7,"stat.mineBlock.ghostsexplosives.ore_potassium":4,"stat.mineBlock.mod_lavacow.veil_shroom":1,"stat.jump":4168,"stat.pickup.minecraft.coal":196,"stat.pickup.minecraft.iron_ingot":1,"stat.craftItem.minecraft.lever":2,"stat.pickup.minecraft.gunpowder":11,"stat.pickup.malisisdoors.big_door_oak_3x3":3,"stat.craftItem.minecraft.torch":24,"stat.pickup.minecraft.dirt":44,"stat.entityKilledBy.hunterillager.HunterIllager":2,"stat.useItem.minecraft.glass":2,"stat.pickup.minecraft.gold_ore":3,"stat.pickup.minecraft.iron_axe":1,"stat.mineBlock.midnight.midnight_dirt":2,"stat.mineBlock.treasure2.gravestone3_obsidian":1,"stat.damageTaken":5264,"stat.pickup.twilightforest.firefly":4,"stat.craftItem.extrautils2.goldenlasso":2,"stat.mineBlock.minecraft.torch":5,"stat.mineBlock.minecraft.red_flower":14,"stat.pickup.bewitchment.ravens_feather":1,"stat.pickup.ebwizardry.crystal_flower":5,"stat.craftItem.fairylights.light":16,"stat.useItem.forestry.scoop":3,"stat.pickup.minecraft.bed":1,"stat.useItem.chisel.glass":100,"stat.useItem.forge.bucketfilled":1,"stat.pickup.bewitchment.garnet":5,"stat.pickup.inventorypets.dubstep_pet":1,"stat.pickup.midnight.raw_suavis":6,"stat.useItem.dungeontactics.dungeonpedia_volume_6":1,"stat.pickup.bewitchment.oak_apple_gall":34,"stat.craftItem.minecraft.stone_slab":12,"stat.pickup.bewitchment.lizard_leg":4,"stat.mineBlock.practicallogistics2.sapphireore":17,"stat.craftItem.dungeontactics.dungeonpedia_volume_8":2,"stat.useItem.mysticalworld.amethyst_sword":30,"stat.mineBlock.bewitchment.juniper_leaves":11,"stat.mineBlock.doggytalents.dog_bed":1,"stat.craftItem.dungeontactics.dungeonpedia_volume_6":2,"stat.pickup.actuallyadditions.item_coffee_beans":3,"stat.pickup.biomesoplenty.gem":2,"stat.craftItem.minecraft.bookshelf":2,"stat.mineBlock.minecraft.stonebrick":2,"stat.craftItem.midnight.nightshroom_powder":8,"stat.mobKills":37,"stat.mineBlock.minecraft.bookshelf":10,"stat.useItem.minecraft.boat":1,"stat.pickup.midnight.dead_wood_log":3,"stat.pickup.minecraft.diamond":5,"stat.pickup.minecraft.torch":37,"stat.mineBlock.bewitchment.salt_ore":3,"stat.mineBlock.astralsorcery.blockcustomsandore":2,"stat.pickup.astralsorcery.blockmarble":1,"stat.pickup.thaumcraft.thaumonomicon":1,"stat.pickup.techreborn.sapphiresword":1,"stat.useItem.harvestcraft.mulberryitem":1,"stat.drop.culinaryconstruct.sandwich":3,"stat.drop.midnight.raw_suavis":1,"stat.mineBlock.thaumcraft.leaves_silverwood":28,"stat.mineBlock.ebwizardry.crystal_flower":6,"stat.mineBlock.thaumcraft.ore_quartz":3,"stat.craftItem.akashictome.tome":1,"stat.craftItem.minecraft.iron_axe":4,"stat.craftItem.thaumcraft.table_wood":2,"stat.mineBlock.twilightforest.twilight_plant":3,"stat.useItem.harvestcraft.sundayroastitem":2,"stat.pickup.bewitchment.juniper_berries":2,"stat.pickup.mysticalworld.amethyst_pickaxe":3,"stat.pickup.minecraft.glowstone_dust":13,"stat.pickup.bewitchment.juniper_sapling":2,"stat.mineBlock.immersiveengineering.ore":5,"stat.pickup.minecraft.porkchop":11,"stat.mineBlock.thaumcraft.log_greatwood":29,"stat.mineBlock.minecraft.stone_brick_stairs":2,"stat.pickup.ghostsexplosives.dust_potassium_nitrate":108,"stat.mineBlock.midnight.ghost_plant":1,"stat.useItem.dungeontactics.fire_starter":4,"stat.pickup.minecraft.sand":142,"stat.useItem.minecolonies.supplychestdeployer":1,"stat.pickup.minecraft.splash_potion":1,"stat.entityKilledBy.primitivemobs.skeleton_warrior":2,"stat.mineBlock.malisisdoors.big_door_oak_3x3":3,"stat.pickup.midnight.nightshroom":2,"stat.entityKilledBy.firedragon":1,"stat.mineBlock.minecraft.sand":128,"stat.pickup.iceandfire.ash":5,"stat.pickup.treasure2.skull_and_crossbones":1,"stat.pickup.rats.rat_upgrade_miner":1,"stat.pickup.midnight.violeaf":1,"stat.mineBlock.thaumcraft.log_silverwood":66,"stat.pickup.midnight.bogweed":1,"stat.pickup.ghostsexplosives.sulfur":24,"stat.pickup.bewitchment.juniper_wood":5,"stat.craftItem.minecraft.pumpkin_seeds":12,"stat.mineBlock.futuremc.cornflower":1,"stat.pickup.doggytalents.sunglasses":1,"stat.pickup.actuallyadditions.item_solidified_experience":5,"stat.craftItem.thermalfoundation.material":27,"stat.useItem.dungeontactics.mince_pie":1,"stat.craftItem.bewitchment.juniper_planks":4,"stat.useItem.minecraft.cooked_mutton":1,"stat.craftItem.buildcraftlib.guide":2,"stat.mineBlock.harvestcraft.windygarden":1,"stat.drop.biomesoplenty.planks_0":18,"stat.pickup.minecraft.iron_chestplate":1,"stat.mineBlock.thaumcraft.vishroom":3,"stat.useItem.harvestcraft.spagettiitem":6,"stat.drop.extrautils2.passivegenerator":3,"stat.pickup.mod_lavacow.veil_shroom":1,"stat.playOneMinute":650363,"stat.pickup.mysticalworld.aubergine_seed":5,"stat.mineBlock.actuallyadditions.block_wild":2,"stat.mineBlock.midnight.violeaf":1,"stat.pickup.harvestcraft.cottonitem":1,"stat.killEntity.mod_lavacow.raven":1,"stat.pickup.minecraft.pumpkin":3,"stat.killEntity.quark:crab":1,"stat.mineBlock.minecraft.ice":3,"stat.craftItem.minecraft.iron_nugget":54,"stat.pickup.minecraft.cooked_chicken":1,"stat.fallOneCm":57514,"stat.mineBlock.midnight.tall_midnight_grass":3,"stat.pickup.quark.slate":9,"stat.pickup.iceandfire.pixie_dust":3,"stat.craftItem.minecraft.chest":4,"stat.pickup.minecraft.feather":75,"stat.drop.minecraft.bone":4,"stat.mineBlock.ghostsexplosives.ore_sulfur":11,"stat.mineBlock.midnight.dead_wood_log":3,"stat.pickup.mysticalworld.carapace":1,"stat.pickup.minecraft.iron_leggings":1,"stat.craftItem.dungeontactics.fire_starter":4,"stat.pickup.treasure2.gravestone2_stone":1,"stat.mineBlock.minecraft.gravel":15,"stat.useItem.minecraft.stone_pickaxe":462,"stat.useItem.minecraft.stone_sword":41,"stat.useItem.biomesoplenty.berries":1,"stat.craftItem.fairylights.hanging_lights":10,"stat.drop.minecraft.iron_axe":1,"stat.mineBlock.harvestcraft.pammango":1,"stat.useItem.minecraft.torch":20,"stat.pickup.minecraft.golden_apple":1,"stat.drop.botania.flower":2,"stat.pickup.minecraft.crafting_table":1,"stat.craftItem.minecraft.crafting_table":8,"stat.craftItem.minecraft.boat":11,"stat.mineBlock.ebwizardry.crystal_ore":8,"stat.mineBlock.minecraft.emerald_ore":4,"stat.useItem.harvestcraft.kungpaochickenitem":6,"stat.pickup.minecraft.log":114,"stat.killEntity.entity_deer":1,"stat.pickup.minecraft.sapling":38,"stat.pickup.forestry.fruits":142,"stat.mineBlock.chisel.glass":3,"stat.pickup.dungeontactics.bag_tool":1,"stat.craftItem.minecolonies.supplychestdeployer":2,"stat.mineBlock.bewitchment.juniper_wood":5,"stat.sneakTime":787,"stat.pickup.thaumcraft.amber":5,"stat.mineBlock.thaumcraft.crystal_perditio":18,"stat.craftItem.mysticalworld.copper_pickaxe":2,"stat.pickup.minecraft.yellow_flower":7,"stat.craftItem.biomesoplenty.wood_slab_1":12,"stat.mineBlock.midnight.bogweed":1,"stat.drop.minecraft.stone_pickaxe":2,"stat.pickup.minecraft.bone":17,"stat.pickup.doggytalents.dog_bed":1,"stat.pickup.immersiveengineering.wooden_device1":1,"stat.useItem.twilightforest.firefly_jar":2,"stat.craftItem.botania.petal":4,"stat.mineBlock.actuallyadditions.block_misc":15,"stat.mineBlock.midnight.nightshroom_hat":6,"stat.swimOneCm":154984,"stat.pickup.quark.glass_shards":2,"stat.craftItem.jaopca.item_nuggetlapis":18,"stat.climbOneCm":6333,"stat.pickup.mod_lavacow.fissionpotion":1,"stat.mineBlock.quark.roots":5,"stat.useItem.harvestcraft.jaffaitem":1,"stat.useItem.minecraft.dirt":3,"stat.pickup.practicallogistics2.sapphire":15,"stat.useItem.minecraft.red_flower":1,"stat.craftItem.forestry.planks.0":24,"stat.craftItem.forestry.planks.1":8,"stat.useItem.minecraft.golden_pickaxe":2,"stat.craftItem.minecraft.stone_pickaxe":1,"stat.pickup.minecraft.cobblestone":540,"stat.mineBlock.bewitchment.garnet_ore":5,"stat.mineBlock.chisel.limestone2":10,"stat.pickup.vampirism.item_tent":1,"stat.mineBlock.treasure2.gravestone2_stone":1,"stat.craftItem.minecraft.glass_bottle":6,"stat.pickup.appliedenergistics2.material":7,"stat.craftItem.minecraft.wooden_slab":12,"stat.useItem.minecraft.cooked_beef":8,"stat.pickup.minecraft.golden_pickaxe":2,"stat.pickup.minecraft.redstone":4,"stat.mineBlock.minecraft.iron_ore":46,"stat.drop.cyclicmagic.dynamite_safe":2,"stat.pickup.minecraft.mutton":2,"stat.mineBlock.biomesoplenty.log_2":3,"stat.mineBlock.midnight.shadowroot_log":5,"stat.drop.thermaldynamics.duct_32":6,"stat.mineBlock.thermalfoundation.ore":25,"stat.pickup.tconstruct.soil":38,"stat.drop.minecraft.dirt":1,"stat.useItem.minecraft.cooked_porkchop":6,"stat.pickup.ebwizardry.magic_crystal":13,"stat.pickup.midnight.ghost_plant":1,"stat.craftItem.futuremc.lantern":6,"stat.useItem.tconstruct.edible":18,"stat.craftItem.minecraft.stone_slab2":0,"stat.pickup.harvestcraft.mulberryitem":1,"stat.pickup.chisel.glass":45,"stat.craftItem.bewitchment.elder_planks":4,"stat.pickup.minecraft.paper":1,"stat.pickup.actuallyadditions.item_misc":3,"stat.craftItem.minecraft.stick":44,"stat.pickup.midnight.bladeshroom_spores":1,"stat.pickup.quark.crab_shell":1,"stat.mineBlock.harvestcraft.pamwalnut":1,"stat.useItem.fairylights.hanging_lights":9,"stat.craftItem.minecraft.gold_nugget":18,"stat.mineBlock.minecraft.crafting_table":1,"stat.pickup.forestry.logs.3":20,"stat.pickup.midnight.midnight_dirt":2,"stat.pickup.forestry.logs.0":19,"stat.useItem.minecraft.wooden_shovel":118,"stat.pickup.stupidthings.mine_turtle":1,"stat.pickup.botania.flower":11,"stat.pickup.forestry.logs.5":1,"stat.killEntity.twilightforest.hostile_wolf":1,"stat.drop.cyclicmagic.ender_torch":1,"stat.killEntity.bewitchment.lizard":1,"stat.drop":105,"stat.mineBlock.thaumcraft.crystal_aqua":4,"stat.pickup.minecraft.slime_ball":20,"stat.mineBlock.midnight.nightshroom":2,"stat.mineBlock.forestry.leaves.default.0":33,"stat.mineBlock.forestry.leaves.default.1":10,"stat.mineBlock.forestry.leaves.default.2":26,"stat.pickup.minecraft.gravel":20,"stat.useItem.chisel.marblepillar":6,"stat.useItem.forestry.fruits":5,"stat.pickup.dungeontactics.solstice_gift":9,"stat.useItem.minecraft.apple":1,"stat.pickup.minecraft.stone_brick_stairs":2,"stat.pickup.midnight.bladeshroom_cap":1,"stat.pickup.minecraft.fence":1,"stat.pickup.minecraft.iron_helmet":1,"stat.mineBlock.bewitchment.coquina":2,"stat.pickup.minecraft.spider_eye":2,"stat.killEntity.primitivemobs.goblin":1,"stat.pickup.actuallyadditions.block_misc":15,"stat.drop.minecraft.piston":8,"stat.useItem.minecraft.cooked_chicken":1,"stat.pickup.minecraft.iron_ore":90,"stat.boatOneCm":105916,"stat.mineBlock.treasure2.skull_and_crossbones":1,"stat.pickup.actuallyadditions.item_coffee_seed":2,"stat.pickup.quark.custom_chest":1,"stat.pickup.minecraft.leather":26,"stat.craftItem.thaumcraft.phial":16,"stat.drop.tconstruct.cast":1,"stat.mineBlock.forestry.leaves.default.fruit.0":14,"stat.useItem.minecraft.wooden_pickaxe":59,"stat.pickup.mysticalagriculture.crafting":122,"stat.pickup.dungeontactics.bag_book":1,"stat.pickup.minecraft.reeds":73,"stat.mineBlock.tconstruct.stone_torch":3,"stat.pickup.bewitchment.wormwood_seeds":3,"stat.pickup.tconstruct.materials":62,"stat.damageDealt":4627,"stat.craftItem.minecraft.glass":89,"stat.sleepInBed":10,"stat.craftItem.minecraft.bowl":8,"stat.pickup.actuallyadditions.item_canola_seed":2,"stat.killEntity.Cow":2,"stat.mineBlock.quark.roots_blue_flower":1,"stat.useItem.minecraft.crafting_table":1,"stat.killEntity.Pig":5,"stat.pickup.bewitchment.elder_wood":4,"stat.pickup.harvestcraft.elderberryitem":1,"stat.pickup.minecraft.boat":3,"stat.walkOneCm":1537262,"stat.pickup.midnight.viridshroom":1,"stat.pickup.minecraft.stick":1,"stat.pickup.minecraft.clay_ball":39,"stat.mineBlock.techreborn.ore":43,"stat.pickup.quark.root_flower":5,"stat.pickup.minecraft.stone":2,"stat.mineBlock.minecraft.packed_ice":25,"stat.mineBlock.thaumcraft.crystal_ignis":12,"stat.drop.chisel.glass":49,"stat.pickup.mysticalworld.amethyst_sword":1,"stat.killEntity.Skeleton":6,"stat.pickup.thaumcraft.ore_cinnabar":1,"stat.pickup.mod_lavacow.sharptooth":1,"stat.pickup.bewitchment.salt":48,"stat.pickup.biomesoplenty.log_2":3,"stat.killEntity.Chicken":5,"stat.useItem.biomesoplenty.planks_0":18,"stat.pickup.midnight.viridshroom_powder":1,"stat.craftItem.midnight.viridshroom_powder":2,"stat.pickup.midnight.lumen_bud":4,"stat.pickup.astralsorcery.itemcraftingcomponent":3,"stat.craftItem.forestry.slabs.0":24,"stat.craftItem.forestry.slabs.2":12,"stat.pickup.minecraft.quartz":14,"stat.craftItem.culinaryconstruct.sandwich_station":2,"stat.useItem.minecraft.golden_apple":1,"stat.craftItem.techreborn.sapphiresword":4,"stat.mineBlock.minecraft.leaves":102,"stat.killEntity.bewitchment.snake":2,"stat.mineBlock.minecraft.redstone_ore":1,"stat.pickup.bewitchment.coquina":4,"stat.mineBlock.harvestcraft.soggygarden":1,"stat.useItem.midnight.lumen_bud":1,"stat.mineBlock.minecraft.stone":496}