{
  "inventorypets:inventorypets/root": {
    "criteria": {
      "auto": "2020-12-27 09:36:25 +0000"
    },
    "done": true
  },
  "minecraft:recipes/building_blocks/oak_planks": {
    "criteria": {
      "has_log": "2020-12-27 09:36:25 +0000"
    },
    "done": true
  },
  "iceandfire:iceandfire/root": {
    "criteria": {
      "tick": "2020-12-27 09:36:25 +0000"
    },
    "done": true
  },
  "rats:rats/root": {
    "criteria": {
      "tick": "2020-12-27 09:36:25 +0000"
    },
    "done": true
  },
  "mysticalworld:root": {
    "criteria": {
      "auto": "2020-12-27 09:36:25 +0000"
    },
    "done": true
  },
  "dungeontactics:dungeoneering/born_survivor": {
    "criteria": {
      "stab": "2020-12-27 09:36:25 +0000"
    },
    "done": false
  },
  "nuclearcraft:root": {
    "criteria": {
      "location": "2020-12-27 09:36:25 +0000"
    },
    "done": true
  },
  "mod_lavacow:mod_lavacow/root": {
    "criteria": {
      "tick": "2020-12-27 09:36:25 +0000"
    },
    "done": true
  },
  "astralsorcery:root": {
    "criteria": {
      "astralsorcery_present": "2020-12-27 09:36:25 +0000"
    },
    "done": true
  },
  "mowziesmobs:root": {
    "criteria": {
      "custom_test_name": "2020-12-27 09:36:25 +0000"
    },
    "done": true
  },
  "minecraft:adventure/adventuring_time": {
    "criteria": {
      "forest": "2020-12-27 09:36:25 +0000"
    },
    "done": false
  },
  "bewitchment:root": {
    "criteria": {
      "tick": "2020-12-27 09:36:25 +0000"
    },
    "done": true
  },
  "roots:root": {
    "criteria": {
      "auto": "2020-12-27 09:36:25 +0000"
    },
    "done": true
  }
}