{
	"biome": "biomesoplenty:undergarden",
	"generationWeight": 4,
	"useDefaultDecorations": true,
	"isSubBiome": false,
	"blocks": {},
	"entities": [
		{
			"spawnWeight": 50,
			"minimumGroupCount": 4,
			"maximumGroupCount": 4,
			"entity": "minecraft:ghast"
		}, 
		{
			"spawnWeight": 100,
			"minimumGroupCount": 4,
			"maximumGroupCount": 4,
			"entity": "minecraft:zombie_pigman"
		}, 
		{
			"spawnWeight": 2,
			"minimumGroupCount": 4,
			"maximumGroupCount": 4,
			"entity": "minecraft:magma_cube"
		}, 
		{
			"spawnWeight": 1,
			"minimumGroupCount": 4,
			"maximumGroupCount": 4,
			"entity": "minecraft:enderman"
		}, 
		{
			"spawnWeight": 8,
			"minimumGroupCount": 1,
			"maximumGroupCount": 3,
			"entity": "mysticalworld:entity_hell_sprout"
		}, 
		{
			"spawnWeight": 2,
			"minimumGroupCount": 1,
			"maximumGroupCount": 1,
			"entity": "mysticalworld:entity_lava_cat"
		}, 
		{
			"spawnWeight": 1,
			"minimumGroupCount": 1,
			"maximumGroupCount": 1,
			"entity": "ebwizardry:lightning_wraith"
		}, 
		{
			"spawnWeight": 3,
			"minimumGroupCount": 1,
			"maximumGroupCount": 1,
			"entity": "ebwizardry:evil_wizard"
		}, 
		{
			"spawnWeight": 5,
			"minimumGroupCount": 1,
			"maximumGroupCount": 1,
			"entity": "ancientspellcraft:void_creeper"
		}, 
		{
			"spawnWeight": 5,
			"minimumGroupCount": 1,
			"maximumGroupCount": 2,
			"entity": "minecraft:blaze"
		}, 
		{
			"spawnWeight": 10,
			"minimumGroupCount": 1,
			"maximumGroupCount": 2,
			"entity": "quark:foxhound"
		}, 
		{
			"spawnWeight": 60,
			"minimumGroupCount": 4,
			"maximumGroupCount": 6,
			"entity": "quark:wraith"
		}, 
		{
			"spawnWeight": 10,
			"minimumGroupCount": 1,
			"maximumGroupCount": 2,
			"entity": "thaumcraft:firebat"
		}, 
		{
			"spawnWeight": 5,
			"minimumGroupCount": 1,
			"maximumGroupCount": 1,
			"entity": "thaumcraft:wisp"
		}, 
		{
			"spawnWeight": 2,
			"minimumGroupCount": 1,
			"maximumGroupCount": 1,
			"entity": "mowziesmobs:grottol"
		}, 
		{
			"spawnWeight": 2,
			"minimumGroupCount": 2,
			"maximumGroupCount": 4,
			"entity": "mysticalworld:entity_sprout"
		}
	],
	"traits": [],
	"subBiomes": []
}